<?xml version="1.0" encoding="UTF-8"?>
<GenRun Id="impl_1" LaunchPart="xc7s50csga324-1" LaunchTime="1731311163">
  <File Type="ROUTE-PWR" Name="counter_with_input_check_power_routed.rpt"/>
  <File Type="PA-TCL" Name="counter_with_input_check.tcl"/>
  <File Type="ROUTE-PWR-SUM" Name="counter_with_input_check_power_summary_routed.pb"/>
  <File Type="REPORTS-TCL" Name="counter_with_input_check_reports.tcl"/>
  <File Type="OPT-RQA-PB" Name="counter_with_input_check_rqa_opted.pb"/>
  <File Type="BITSTR-MMI" Name="counter_with_input_check.mmi"/>
  <File Type="OPT-METHODOLOGY-DRC" Name="counter_with_input_check_methodology_drc_opted.rpt"/>
  <File Type="INIT-TIMING" Name="counter_with_input_check_timing_summary_init.rpt"/>
  <File Type="OPT-TIMING" Name="counter_with_input_check_timing_summary_opted.rpt"/>
  <File Type="OPT-DCP" Name="counter_with_input_check_opt.dcp"/>
  <File Type="OPT-DRC" Name="counter_with_input_check_drc_opted.rpt"/>
  <File Type="OPT-HWDEF" Name="counter_with_input_check.hwdef"/>
  <File Type="PWROPT-DCP" Name="counter_with_input_check_pwropt.dcp"/>
  <File Type="PWROPT-DRC" Name="counter_with_input_check_drc_pwropted.rpt"/>
  <File Type="PWROPT-TIMING" Name="counter_with_input_check_timing_summary_pwropted.rpt"/>
  <File Type="PLACE-DCP" Name="counter_with_input_check_placed.dcp"/>
  <File Type="PLACE-IO" Name="counter_with_input_check_io_placed.rpt"/>
  <File Type="PLACE-CLK" Name="counter_with_input_check_clock_utilization_placed.rpt"/>
  <File Type="PLACE-UTIL" Name="counter_with_input_check_utilization_placed.rpt"/>
  <File Type="PLACE-UTIL-PB" Name="counter_with_input_check_utilization_placed.pb"/>
  <File Type="PLACE-CTRL" Name="counter_with_input_check_control_sets_placed.rpt"/>
  <File Type="PLACE-SIMILARITY" Name="counter_with_input_check_incremental_reuse_placed.rpt"/>
  <File Type="PLACE-PRE-SIMILARITY" Name="counter_with_input_check_incremental_reuse_pre_placed.rpt"/>
  <File Type="BG-BIN" Name="counter_with_input_check.bin"/>
  <File Type="PLACE-TIMING" Name="counter_with_input_check_timing_summary_placed.rpt"/>
  <File Type="ROUTE-PWR-RPX" Name="counter_with_input_check_power_routed.rpx"/>
  <File Type="PLACE-RQA-PB" Name="counter_with_input_check_rqa_placed.pb"/>
  <File Type="POSTPLACE-PWROPT-DCP" Name="counter_with_input_check_postplace_pwropt.dcp"/>
  <File Type="BITSTR-MSK" Name="counter_with_input_check.msk"/>
  <File Type="POSTPLACE-PWROPT-TIMING" Name="counter_with_input_check_timing_summary_postplace_pwropted.rpt"/>
  <File Type="PHYSOPT-DCP" Name="counter_with_input_check_physopt.dcp"/>
  <File Type="PHYSOPT-DRC" Name="counter_with_input_check_drc_physopted.rpt"/>
  <File Type="BITSTR-RBT" Name="counter_with_input_check.rbt"/>
  <File Type="PHYSOPT-TIMING" Name="counter_with_input_check_timing_summary_physopted.rpt"/>
  <File Type="ROUTE-ERROR-DCP" Name="counter_with_input_check_routed_error.dcp"/>
  <File Type="ROUTE-DCP" Name="counter_with_input_check_routed.dcp"/>
  <File Type="ROUTE-BLACKBOX-DCP" Name="counter_with_input_check_routed_bb.dcp"/>
  <File Type="ROUTE-DRC" Name="counter_with_input_check_drc_routed.rpt"/>
  <File Type="ROUTE-DRC-PB" Name="counter_with_input_check_drc_routed.pb"/>
  <File Type="ROUTE-DRC-RPX" Name="counter_with_input_check_drc_routed.rpx"/>
  <File Type="ROUTE-METHODOLOGY-DRC" Name="counter_with_input_check_methodology_drc_routed.rpt"/>
  <File Type="ROUTE-METHODOLOGY-DRC-RPX" Name="counter_with_input_check_methodology_drc_routed.rpx"/>
  <File Type="ROUTE-METHODOLOGY-DRC-PB" Name="counter_with_input_check_methodology_drc_routed.pb"/>
  <File Type="ROUTE-RQS-PB" Name="counter_with_input_check_rqs_routed.pb"/>
  <File Type="ROUTE-STATUS" Name="counter_with_input_check_route_status.rpt"/>
  <File Type="ROUTE-STATUS-PB" Name="counter_with_input_check_route_status.pb"/>
  <File Type="ROUTE-TIMINGSUMMARY" Name="counter_with_input_check_timing_summary_routed.rpt"/>
  <File Type="ROUTE-TIMING-PB" Name="counter_with_input_check_timing_summary_routed.pb"/>
  <File Type="ROUTE-TIMING-RPX" Name="counter_with_input_check_timing_summary_routed.rpx"/>
  <File Type="ROUTE-SIMILARITY" Name="counter_with_input_check_incremental_reuse_routed.rpt"/>
  <File Type="ROUTE-CLK" Name="counter_with_input_check_clock_utilization_routed.rpt"/>
  <File Type="ROUTE-BUS-SKEW" Name="counter_with_input_check_bus_skew_routed.rpt"/>
  <File Type="ROUTE-BUS-SKEW-PB" Name="counter_with_input_check_bus_skew_routed.pb"/>
  <File Type="ROUTE-BUS-SKEW-RPX" Name="counter_with_input_check_bus_skew_routed.rpx"/>
  <File Type="POSTROUTE-PHYSOPT-DCP" Name="counter_with_input_check_postroute_physopt.dcp"/>
  <File Type="POSTROUTE-PHYSOPT-BLACKBOX-DCP" Name="counter_with_input_check_postroute_physopt_bb.dcp"/>
  <File Type="POSTROUTE-PHYSOPT-TIMING" Name="counter_with_input_check_timing_summary_postroute_physopted.rpt"/>
  <File Type="POSTROUTE-PHYSOPT-TIMING-PB" Name="counter_with_input_check_timing_summary_postroute_physopted.pb"/>
  <File Type="POSTROUTE-PHYSOPT-TIMING-RPX" Name="counter_with_input_check_timing_summary_postroute_physopted.rpx"/>
  <File Type="POSTROUTE-PHYSOPT-BUS-SKEW" Name="counter_with_input_check_bus_skew_postroute_physopted.rpt"/>
  <File Type="BG-BIT" Name="counter_with_input_check.bit"/>
  <File Type="POSTROUTE-PHYSOPT-BUS-SKEW-PB" Name="counter_with_input_check_bus_skew_postroute_physopted.pb"/>
  <File Type="POSTROUTE-PHYSOPT-BUS-SKEW-RPX" Name="counter_with_input_check_bus_skew_postroute_physopted.rpx"/>
  <File Type="BITSTR-NKY" Name="counter_with_input_check.nky"/>
  <File Type="BITSTR-BMM" Name="counter_with_input_check_bd.bmm"/>
  <File Type="PDI-FILE" Name="counter_with_input_check.pdi"/>
  <File Type="BOOT-PDI-FILE" Name="counter_with_input_check_boot.pdi"/>
  <File Type="PL-PDI-FILE" Name="counter_with_input_check_pld.pdi"/>
  <File Type="RCFI_FILE" Name="counter_with_input_check.rcfi"/>
  <File Type="CFI_FILE" Name="counter_with_input_check.cfi"/>
  <File Type="RNPI_FILE" Name="counter_with_input_check.rnpi"/>
  <File Type="NPI_FILE" Name="counter_with_input_check.npi"/>
  <File Type="RBD_FILE" Name="counter_with_input_check.rbd"/>
  <File Type="BITSTR-LTX" Name="debug_nets.ltx"/>
  <File Type="BITSTR-LTX" Name="counter_with_input_check.ltx"/>
  <File Type="BITSTR-SYSDEF" Name="counter_with_input_check.sysdef"/>
  <File Type="BG-BGN" Name="counter_with_input_check.bgn"/>
  <File Type="BG-DRC" Name="counter_with_input_check.drc"/>
  <File Type="RDI-RDI" Name="counter_with_input_check.vdi"/>
  <File Type="WBT-USG" Name="usage_statistics_webtalk.html"/>
  <File Type="ROUTE-RQS" Name="counter_with_input_check_routed.rqs"/>
  <File Type="POSTROUTE-PHYSOPT-RQS" Name="counter_with_input_check_postroute_physopted.rqs"/>
  <File Type="ROUTE-RQS-RPT" Name="route_report_qor_suggestions_0.rpt"/>
  <File Type="POSTROUTE-PHYSOPT-RQS-RPT" Name="postroute_physopt_report_qor_suggestions_0.rpt"/>
  <FileSet Name="sources" Type="DesignSrcs" RelSrcDir="$PSRCDIR/sources_1" RelGenDir="$PGENDIR/sources_1">
    <Filter Type="Srcs"/>
    <File Path="$PSRCDIR/sources_1/new/test.v">
      <FileInfo>
        <Attr Name="UsedIn" Val="synthesis"/>
        <Attr Name="UsedIn" Val="implementation"/>
        <Attr Name="UsedIn" Val="simulation"/>
      </FileInfo>
    </File>
    <File Path="$PSRCDIR/sources_1/new/blinky.v">
      <FileInfo>
        <Attr Name="UserDisabled" Val="1"/>
        <Attr Name="UsedIn" Val="synthesis"/>
        <Attr Name="UsedIn" Val="implementation"/>
        <Attr Name="UsedIn" Val="simulation"/>
      </FileInfo>
    </File>
    <Config>
      <Option Name="DesignMode" Val="RTL"/>
      <Option Name="TopModule" Val="counter_with_input_check"/>
      <Option Name="TopAutoSet" Val="TRUE"/>
    </Config>
  </FileSet>
  <FileSet Name="constrs_in" Type="Constrs" RelSrcDir="$PSRCDIR/constrs_1" RelGenDir="$PGENDIR/constrs_1">
    <Filter Type="Constrs"/>
    <File Path="$PPRDIR/../Downloads/Arty-S7-50-Master.xdc">
      <FileInfo>
        <Attr Name="UsedIn" Val="synthesis"/>
        <Attr Name="UsedIn" Val="implementation"/>
      </FileInfo>
    </File>
    <Config>
      <Option Name="TargetConstrsFile" Val="$PPRDIR/../Downloads/Arty-S7-50-Master.xdc"/>
      <Option Name="ConstrsType" Val="XDC"/>
    </Config>
  </FileSet>
  <FileSet Name="utils" Type="Utils" RelSrcDir="$PSRCDIR/utils_1" RelGenDir="$PGENDIR/utils_1">
    <Filter Type="Utils"/>
    <File Path="$PSRCDIR/utils_1/imports/synth_1/test.dcp">
      <FileInfo>
        <Attr Name="UsedIn" Val="synthesis"/>
        <Attr Name="UsedIn" Val="implementation"/>
        <Attr Name="UsedInSteps" Val="synth_1"/>
        <Attr Name="AutoDcp" Val="1"/>
      </FileInfo>
    </File>
    <Config>
      <Option Name="TopAutoSet" Val="TRUE"/>
    </Config>
  </FileSet>
  <Strategy Version="1" Minor="2">
    <StratHandle Name="Vivado Implementation Defaults" Flow="Vivado Implementation 2024"/>
    <Step Id="init_design"/>
    <Step Id="opt_design"/>
    <Step Id="power_opt_design"/>
    <Step Id="place_design"/>
    <Step Id="post_place_power_opt_design"/>
    <Step Id="phys_opt_design"/>
    <Step Id="route_design"/>
    <Step Id="post_route_phys_opt_design"/>
    <Step Id="write_bitstream"/>
  </Strategy>
</GenRun>
